scope,clip_mean,clip_low,clip_high
overall,0.2634761929512024,0.2271195948123932,0.3107181787490845
