class,clip_mean,clip_low,clip_high
poutine,0.24300280213356018,0.22623565793037415,0.26316016912460327
tiramisu,0.2839495539665222,0.24118530750274658,0.3111960291862488
