scope,fid,fid_low,fid_high,is_mean,is_std,real_vs_real_fid
overall,316.1094673364792,320.88801821860375,358.20578049761747,2.7197492122650146,0.0,170.64044342014984
