class,fid,fid_low,fid_high
poutine,364.56443410339614,356.9570175134499,386.8313083848321
tiramisu,341.58846227718607,320.9900282871539,405.014521383099
