scope,clip_mean,clip_low,clip_high
overall,0.26362282037734985,0.2279062569141388,0.3190873861312866
