class,clip_mean,clip_low,clip_high
poutine,0.24801494181156158,0.22655603289604187,0.2798368036746979
tiramisu,0.2792307138442993,0.24020850658416748,0.3213476538658142
