scope,fid,fid_low,fid_high,is_mean,is_std,real_vs_real_fid
overall,298.2229697542174,294.7565866650279,338.28739117599287,2.1371283531188965,0.0,170.64044342014984
