class,fid,fid_low,fid_high
poutine,379.8034164076394,379.8034316678261,391.23352358799866
tiramisu,289.5362240582331,284.66935227049777,330.2814328285413
